sym, /usr/include/cublas_api.h
sym, /usr/include/cublas.h
sym, /usr/include/cublasLt.h
sym, /usr/include/cublas_v2.h
sym, /usr/include/cublasXt.h
sym, /usr/include/cudnn.h
sym, /usr/include/cudnn_version.h
sym, /usr/include/cudnn_adv_infer.h
sym, /usr/include/cudnn_adv_train.h
sym, /usr/include/cudnn_cnn_infer.h
sym, /usr/include/cudnn_cnn_train.h
sym, /usr/include/cudnn_ops_infer.h
sym, /usr/include/cudnn_ops_train.h
sym, /usr/include/aarch64-linux-gnu/NvCaffeParser.h
sym, /usr/include/aarch64-linux-gnu/NvInfer.h
sym, /usr/include/aarch64-linux-gnu/NvInferPlugin.h
sym, /usr/include/aarch64-linux-gnu/NvInferPluginUtils.h
sym, /usr/include/aarch64-linux-gnu/NvInferRuntimeCommon.h
sym, /usr/include/aarch64-linux-gnu/NvInferRuntime.h
sym, /usr/include/aarch64-linux-gnu/NvInferVersion.h
sym, /usr/include/aarch64-linux-gnu/NvOnnxConfig.h
sym, /usr/include/aarch64-linux-gnu/NvOnnxParser.h
sym, /usr/include/aarch64-linux-gnu/NvUffParser.h
sym, /usr/include/aarch64-linux-gnu/NvUtils.h
